<?xml version="1.0" encoding="UTF-8"?>
<faces-config xmlns="http://xmlns.jcp.org/xml/ns/javaee" xmlns:xsi="http://www.w3.org/2001/XMLSchema-instance"
	xsi:schemaLocation="http://xmlns.jcp.org/xml/ns/javaee http://xmlns.jcp.org/xml/ns/javaee/web-facesconfig_2_2.xsd"
	version="2.2">

	<lifecycle>
		<phase-listener>com.ocpsoft.pretty.faces.event.MultiPageMessagesSupport</phase-listener>
	</lifecycle>

	<application>
		<resource-bundle>
			<base-name>resources.messages</base-name>
			<var>m</var>
		</resource-bundle>
		<locale-config>
			<default-locale>en</default-locale>
			<supported-locale>pl</supported-locale>
		</locale-config>

	</application>

</faces-config>