<?xml version="1.0" encoding="UTF-8" ?>
<!DOCTYPE log4j:configuration PUBLIC "-//APACHE//DTD LOG4J 1.2//EN" "http://logging.apache.org/log4j/1.2/apidocs/org/apache/log4j/xml/doc-files/log4j.dtd">
<log4j:configuration xmlns:log4j="http://jakarta.apache.org/log4j/">

	<appender name="CONSOLE" class="org.apache.log4j.ConsoleAppender">
		<param name="Target" value="System.out" />
		<param name="Threshold" value="DEBUG" />
		<layout class="org.apache.log4j.PatternLayout">
			<param name="ConversionPattern" value="%d [%-5p] %c - %m%n" />
		</layout>
	</appender>

	<appender name="FILE" class="org.apache.log4j.DailyRollingFileAppender">
		<param name="file" value="conquest.log" />
		<param name="append" value="false" />
		<param name="threshold" value="debug" />
		<layout class="org.apache.log4j.PatternLayout">
			<param name="ConversionPattern" value="%d [%-5p] %c - %m%n" />
		</layout>
	</appender>

	<logger name="org.meb.conquest.service">
		<level value="DEBUG" />
	</logger>

	<!-- <logger name="org.jboss.resteasy"> <level value="DEBUG" /> </logger> -->

	<!-- <logger name="org.hibernate"> <level value="DEBUG" /> </logger> -->

	<!-- <logger name="com.mysql"> <level value="DEBUG" /> </logger> -->

	<root>
		<level value="INFO" />
		<appender-ref ref="CONSOLE" />
		<appender-ref ref="FILE" />
	</root>

</log4j:configuration>
